time,low,high,open,close,volume
1739750400,96044.67,96451.44,96119.88,96329.36,103.46937301
1739746800,96057.68,96918.94,96891.8,96119.88,694.3524065
1739743200,96581.29,97206.37,97188.66,96891.79,94.02086922
1739739600,96861.76,97297.77,96921.46,97188.65,64.57003218
1739736000,96875.59,97175.0,97071.86,96921.46,45.11484919
1739732400,96769.88,97132.07,96885.36,97071.86,61.10724283
1739728800,96666.82,97007.05,96995.1,96882.82,94.71664868
1739725200,96932.17,97189.15,97064.15,96995.1,92.23484684
1739721600,96890.91,97136.72,96919.48,97064.15,42.3049492
1739718000,96914.73,97112.63,96989.53,96919.5,67.27150771
1739714400,96677.36,97053.55,96837.58,96989.53,175.3617019
1739710800,96800.0,97223.21,97140.73,96837.58,134.12131011
1739707200,97095.34,97347.06,97336.01,97140.72,42.098294
1739703600,97173.32,97343.09,97199.26,97336.01,13.20880481
1739700000,97181.64,97402.94,97369.71,97199.27,39.7648204
1739696400,97065.45,97382.16,97175.25,97369.71,56.25904255
1739692800,97135.23,97345.21,97258.24,97175.26,26.07612915
1739689200,97211.01,97496.73,97496.73,97258.24,30.63450681
1739685600,97453.16,97630.39,97597.07,97496.73,30.63402873
1739682000,97479.07,97688.99,97541.46,97597.07,45.76490111
1739678400,97470.69,97598.35,97551.33,97536.31,56.89964329
1739674800,97432.42,97569.63,97540.43,97551.33,78.04615544
1739671200,97474.71,97684.36,97652.03,97534.15,75.83275628
1739667600,97550.15,97689.0,97605.08,97653.72,38.06514844
1739664000,97570.05,97738.22,97596.54,97602.68,75.83267348
